<?xml version="1.0" encoding="UTF-8" ?>
<module>
	<name>lexikotron</name>
	<displayName><![CDATA[Lexikotron]]></displayName>
	<version><![CDATA[1.0.1]]></version>
	<description><![CDATA[Lexikotron is a module to make a glossary]]></description>
	<author><![CDATA[Mario Johnathan / ZelTroN2k3]]></author>
	<tab><![CDATA[front_office_features]]></tab>
	<confirmUninstall><![CDATA[Are you sure you want to uninstall?]]></confirmUninstall>
	<is_configurable>1</is_configurable>
	<need_instance>0</need_instance>
	<limited_countries></limited_countries>
</module>